0.0,23.25,25.0
0.5,23.37,25.0
1.0,23.37,25.0
1.5,22.62,25.0
2.0,22.62,25.0
2.5,22.62,25.0
3.0,23.0,25.0
3.5,23.0,25.0
4.0,22.25,25.0
4.5,22.25,25.0
5.0,22.25,25.0
5.5,23.37,25.0
6.0,23.37,25.0
6.5,23.62,25.0
7.0,23.75,25.0
7.5,22.62,25.0
8.0,23.62,25.0
8.5,23.62,25.0
9.0,23.37,25.0
9.5,23.5,25.0
10.0,23.5,25.0
10.5,23.62,25.0
11.0,22.62,25.0
11.5,23.62,25.0
12.0,21.5,25.0
12.5,21.5,25.0
13.0,20.62,25.0
13.5,20.25,25.0
14.0,20.25,25.0
14.5,23.5,25.0
15.0,23.5,25.0
15.5,20.37,25.0
16.0,23.37,25.0
16.5,22.75,25.0
17.0,23.37,25.0
17.5,23.37,25.0
18.0,23.12,25.0
18.5,22.12,25.0
19.0,23.62,25.0
19.5,23.62,25.0
20.0,23.37,25.0
20.5,24.37,25.0
21.0,24.25,25.0
21.5,24.5,25.0
22.0,24.5,25.0
22.5,24.37,25.0
23.0,24.37,25.0
23.5,22.5,25.0
24.0,24.37,25.0
24.5,21.25,25.0
25.0,21.25,25.0
25.5,24.25,25.0
26.0,23.62,25.0
26.5,23.62,25.0
27.0,22.25,25.0
27.5,20.5,25.0
28.0,21.5,25.0
28.5,22.12,25.0
29.0,22.12,25.0
29.5,22.62,25.0
30.0,23.37,25.0
30.5,22.62,25.0
31.0,22.62,25.0
31.5,22.5,25.0
32.0,25.25,25.0
32.5,24.75,25.0
33.0,25.37,25.0
33.5,25.37,25.0
34.0,24.37,25.0
34.5,24.62,25.0
35.0,24.62,25.0
35.5,23.5,25.0
36.0,25.5,25.0
36.5,23.37,25.0
37.0,25.12,25.0
37.5,26.0,25.0
38.0,25.37,25.0
38.5,25.37,25.0
39.0,23.5,25.0
39.5,23.5,25.0
40.0,25.25,25.0
40.5,25.25,25.0
41.0,25.62,25.0
41.5,25.5,25.0
42.0,25.5,25.0
42.5,25.5,25.0
43.0,25.5,25.0
43.5,24.12,25.0
44.0,24.12,25.0
44.5,23.62,25.0
45.0,24.25,25.0
45.5,24.25,25.0
46.0,23.37,25.0
46.5,24.62,25.0
47.0,25.0,25.0
47.5,25.0,25.0
48.0,26.5,25.0
48.5,27.37,25.0
49.0,27.5,25.0
49.5,26.62,25.0
50.0,26.75,25.0
50.5,26.5,25.0
51.0,26.5,25.0
51.5,27.25,25.0
52.0,27.37,25.0
52.5,28.12,25.0
53.0,28.5,25.0
53.5,28.75,25.0
54.0,28.75,25.0
54.5,28.37,25.0
55.0,28.37,25.0
55.5,27.5,25.0
56.0,28.37,25.0
56.5,28.5,25.0
57.0,28.5,25.0
57.5,27.37,25.0
58.0,28.5,25.0
58.5,28.37,25.0
59.0,28.37,25.0
59.5,28.5,25.0
60.0,29.37,25.0
60.5,29.62,25.0
61.0,29.75,25.0
61.5,29.5,25.0
62.0,30.37,25.0
62.5,30.37,25.0
63.0,31.12,25.0
63.5,30.5,25.0
64.0,30.25,25.0
64.5,31.5,25.0
65.0,30.75,25.0
65.5,30.75,25.0
66.0,30.37,25.0
66.5,31.62,25.0
67.0,31.62,25.0
67.5,31.25,25.0
68.0,31.62,25.0
68.5,31.62,25.0
69.0,32.37,25.0
69.5,32.37,25.0
70.0,31.25,25.0
70.5,31.25,25.0
71.0,32.0,25.0
71.5,32.62,25.0
72.0,32.37,25.0
72.5,32.37,25.0
73.0,32.25,25.0
73.5,32.37,25.0
74.0,32.37,25.0
74.5,32.37,25.0
75.0,32.37,25.0
75.5,33.37,25.0
76.0,33.5,25.0
76.5,33.37,25.0
77.0,33.37,25.0
77.5,34.75,25.0
78.0,35.25,25.0
78.5,35.37,25.0
79.0,35.37,25.0
79.5,35.37,25.0
80.0,35.37,25.0
80.5,34.75,25.0
81.0,35.5,25.0
81.5,35.5,25.0
82.0,35.5,25.0
82.5,35.75,25.0
83.0,34.25,25.0
83.5,36.5,25.0
84.0,36.5,25.0
84.5,37.37,25.0
85.0,37.37,25.0
85.5,37.62,25.0
86.0,37.0,25.0
86.5,37.62,25.0
87.0,37.62,25.0
87.5,38.12,25.0
88.0,38.12,25.0
88.5,38.5,25.0
89.0,38.37,25.0
89.5,39.5,25.0
90.0,39.37,25.0
90.5,40.62,25.0
91.0,39.75,25.0
91.5,40.62,25.0
92.0,41.0,25.0
92.5,40.5,25.0
93.0,41.37,25.0
93.5,41.5,25.0
94.0,41.5,25.0
94.5,40.62,25.0
95.0,41.25,25.0
95.5,42.37,25.0
96.0,41.62,25.0
96.5,41.5,25.0
97.0,42.62,25.0
97.5,42.5,25.0
98.0,42.37,25.0
98.5,42.37,25.0
99.0,42.37,25.0
99.5,43.0,25.0
100.0,43.5,25.0
100.5,43.37,25.0
101.0,44.37,25.0
101.5,44.37,25.0
102.0,45.25,25.0
102.5,45.25,25.0
103.0,46.12,25.0
103.5,46.5,25.0
104.0,47.25,25.0
104.5,46.62,25.0
105.0,47.0,25.0
105.5,47.62,25.0
106.0,48.25,25.0
106.5,47.5,25.0
107.0,47.37,25.0
107.5,47.25,25.0
108.0,48.12,25.0
108.5,48.37,25.0
109.0,47.75,25.0
109.5,48.37,25.0
110.0,49.37,25.0
110.5,49.25,25.0
111.0,49.5,25.0
111.5,50.0,25.0
112.0,50.0,25.0
112.5,50.37,25.0
113.0,49.62,25.0
113.5,50.25,25.0
114.0,51.12,25.0
114.5,52.12,25.0
115.0,52.12,25.0
115.5,51.37,25.0
116.0,52.12,25.0
116.5,51.62,25.0
117.0,52.37,25.0
117.5,52.5,25.0
118.0,53.37,25.0
118.5,53.37,25.0
119.0,53.25,25.0
119.5,53.62,25.0
120.0,54.37,25.0
120.5,53.5,25.0
121.0,53.5,25.0
121.5,54.0,25.0
122.0,54.5,25.0
122.5,54.25,25.0
123.0,55.0,25.0
123.5,55.12,25.0
124.0,54.62,25.0
124.5,55.37,25.0
125.0,55.37,25.0
125.5,56.25,25.0
126.0,55.62,25.0
126.5,57.0,25.0
127.0,57.0,25.0
127.5,56.37,25.0
128.0,57.37,25.0
128.5,57.62,25.0
129.0,57.62,25.0
129.5,58.12,25.0
130.0,58.62,25.0
130.5,58.62,25.0
131.0,58.25,25.0
131.5,58.75,25.0
132.0,59.37,25.0
132.5,59.37,25.0
133.0,59.37,25.0
133.5,60.12,25.0
134.0,60.37,25.0
134.5,59.62,25.0
135.0,59.62,25.0
135.5,59.5,25.0
136.0,59.5,25.0
136.5,60.37,25.0
137.0,60.37,25.0
137.5,60.62,25.0
138.0,61.5,25.0
138.5,62.25,25.0
139.0,62.25,25.0
139.5,62.25,25.0
140.0,62.12,25.0
140.5,62.12,25.0
141.0,62.25,25.0
141.5,62.25,25.0
142.0,62.62,25.0
142.5,63.37,25.0
143.0,63.37,25.0
143.5,64.25,25.0
144.0,64.25,25.0
144.5,64.25,25.0
145.0,64.75,25.0
145.5,65.37,25.0
146.0,65.5,25.0
146.5,65.5,25.0
147.0,65.37,25.0
147.5,66.37,25.0
148.0,66.37,25.0
148.5,66.37,25.0
149.0,66.12,25.0
149.5,66.5,25.0
150.0,67.25,25.0
150.5,67.0,25.0
151.0,66.62,25.0
151.5,67.12,25.0
152.0,67.12,25.0
152.5,67.25,25.0
153.0,67.62,25.0
153.5,67.25,25.0
154.0,68.25,25.0
154.5,68.25,25.0
155.0,68.75,25.0
155.5,68.37,25.0
156.0,69.75,25.0
156.5,69.75,25.0
157.0,69.75,25.0
157.5,69.37,25.0
158.0,69.5,25.0
158.5,71.37,25.0
159.0,71.5,25.0
159.5,71.25,25.0
160.0,72.25,25.0
160.5,72.25,25.0
161.0,72.37,25.0
161.5,72.37,25.0
162.0,73.25,25.0
162.5,73.25,25.0
163.0,73.5,25.0
163.5,73.12,25.0
164.0,73.12,25.0
164.5,73.25,25.0
165.0,73.25,25.0
165.5,74.0,25.0
166.0,74.0,25.0
166.5,73.37,25.0
167.0,73.62,25.0
167.5,74.25,25.0
168.0,74.25,25.0
168.5,74.25,25.0
169.0,74.12,25.0
169.5,74.62,25.0
170.0,75.12,25.0
170.5,76.12,25.0
171.0,75.5,25.0
171.5,76.37,25.0
172.0,77.37,25.0
172.5,77.12,25.0
173.0,77.12,25.0
173.5,76.25,25.0
174.0,78.37,25.0
174.5,77.25,25.0
175.0,78.37,25.0
175.5,77.62,25.0
176.0,77.62,25.0
176.5,78.62,25.0
177.0,78.75,25.0
177.5,79.5,25.0
178.0,79.5,25.0
178.5,79.5,25.0
179.0,79.0,25.0
179.5,79.37,25.0
180.0,79.37,25.0
180.5,79.37,25.0
181.0,80.0,25.0
181.5,80.37,25.0
182.0,80.37,25.0
182.5,81.37,25.0
183.0,81.62,25.0
183.5,81.62,25.0
184.0,80.62,25.0
184.5,81.25,25.0
185.0,83.12,25.0
185.5,83.0,25.0
186.0,83.0,25.0
186.5,83.37,25.0
187.0,83.12,25.0
187.5,84.25,25.0
188.0,84.75,25.0
188.5,85.37,25.0
189.0,85.37,25.0
189.5,85.25,25.0
190.0,85.25,25.0
190.5,84.62,25.0
191.0,85.5,25.0
191.5,85.5,25.0
192.0,85.25,25.0
192.5,85.25,25.0
193.0,85.62,25.0
193.5,85.62,25.0
194.0,86.62,25.0
194.5,86.37,25.0
195.0,86.5,25.0
195.5,86.5,25.0
196.0,86.12,25.0
196.5,87.12,25.0
197.0,87.5,25.0
197.5,88.5,25.0
198.0,88.37,25.0
198.5,89.0,25.0
199.0,87.37,25.0
199.5,89.75,25.0
200.0,89.37,25.0
200.5,89.75,25.0
201.0,90.0,25.0
201.5,90.0,25.0
202.0,90.5,25.0
202.5,90.5,25.0
203.0,90.5,25.0
203.5,90.12,25.0
204.0,90.25,25.0
204.5,90.62,25.0
205.0,91.25,25.0
205.5,91.37,25.0
206.0,91.5,25.0
206.5,91.62,25.0
207.0,92.37,25.0
207.5,92.25,25.0
208.0,92.75,25.0
208.5,93.37,25.0
209.0,94.37,25.0
209.5,94.37,25.0
210.0,94.0,25.0
210.5,94.25,25.0
211.0,95.12,25.0
211.5,95.12,25.0
212.0,94.25,25.0
212.5,94.25,25.0
213.0,95.62,25.0
213.5,95.25,25.0
214.0,95.62,25.0
214.5,95.25,25.0
215.0,95.37,25.0
215.5,95.37,25.0
216.0,96.62,25.0
216.5,96.62,25.0
217.0,96.25,25.0
217.5,96.25,25.0
218.0,98.25,25.0
218.5,98.0,25.0
219.0,98.5,25.0
219.5,98.37,25.0
220.0,99.37,25.0
220.5,98.5,25.0
221.0,99.37,25.0
221.5,98.12,25.0
222.0,99.0,25.0
222.5,99.25,25.0
223.0,99.25,25.0
223.5,99.12,25.0
224.0,99.25,25.0
224.5,100.37,25.0
225.0,100.37,25.0
225.5,100.12,25.0
226.0,99.5,25.0
226.5,99.5,25.0
227.0,100.37,25.0
227.5,101.25,25.0
228.0,101.25,25.0
228.5,101.75,25.0
229.0,101.62,25.0
229.5,102.25,25.0
230.0,102.0,25.0
230.5,102.5,25.0
231.0,102.0,25.0
231.5,102.0,25.0
232.0,102.75,25.0
232.5,103.12,25.0
233.0,103.5,25.0
233.5,103.5,25.0
234.0,102.5,25.0
234.5,102.5,25.0
235.0,103.5,25.0
235.5,103.5,25.0
236.0,103.0,25.0
236.5,103.5,25.0
237.0,103.5,25.0
237.5,103.5,25.0
238.0,104.12,25.0
238.5,104.37,25.0
239.0,105.37,25.0
239.5,105.37,25.0
240.0,105.5,25.0
240.5,105.25,25.0
241.0,106.12,25.0
241.5,106.37,25.0
242.0,105.25,25.0
242.5,106.37,25.0
243.0,106.62,25.0
243.5,106.62,25.0
244.0,105.75,25.0
244.5,106.5,25.0
245.0,106.5,25.0
245.5,105.62,25.0
246.0,106.5,25.0
246.5,107.0,25.0
247.0,107.12,25.0
247.5,107.5,25.0
248.0,108.25,25.0
248.5,108.5,25.0
249.0,108.37,25.0
249.5,109.12,25.0
250.0,109.25,25.0
250.5,109.5,25.0
251.0,109.5,25.0
251.5,110.25,25.0
252.0,109.75,25.0
252.5,110.5,25.0
253.0,110.25,25.0
253.5,110.37,25.0
254.0,110.12,25.0
254.5,110.12,25.0
255.0,110.12,25.0
255.5,109.5,25.0
256.0,110.37,25.0
256.5,110.5,25.0
257.0,110.5,25.0
257.5,110.5,25.0
258.0,110.37,25.0
258.5,110.62,25.0
259.0,111.5,25.0
259.5,112.12,25.0
260.0,111.37,25.0
260.5,112.25,25.0
261.0,112.37,25.0
261.5,112.5,25.0
262.0,112.62,25.0
262.5,112.62,25.0
263.0,113.37,25.0
263.5,113.37,25.0
264.0,113.12,25.0
264.5,112.5,25.0
265.0,112.62,25.0
265.5,112.62,25.0
266.0,112.62,25.0
266.5,113.37,25.0
267.0,113.37,25.0
267.5,113.5,25.0
268.0,113.0,25.0
268.5,113.5,25.0
269.0,113.37,25.0
269.5,114.0,25.0
270.0,114.25,25.0
270.5,112.37,25.0
271.0,115.62,25.0
271.5,115.37,25.0
272.0,115.25,25.0
272.5,115.5,25.0
273.0,115.5,25.0
273.5,115.12,25.0
274.0,115.37,25.0
274.5,115.62,25.0
275.0,115.62,25.0
275.5,115.5,25.0
276.0,116.0,25.0
276.5,116.0,25.0
277.0,115.25,25.0
277.5,116.12,25.0
278.0,116.5,25.0
278.5,116.5,25.0
279.0,116.62,25.0
279.5,115.75,25.0
280.0,116.37,25.0
280.5,117.0,25.0
281.0,117.12,25.0
281.5,117.37,25.0
282.0,117.12,25.0
282.5,117.37,25.0
283.0,117.37,25.0
283.5,117.62,25.0
284.0,117.62,25.0
284.5,117.75,25.0
285.0,118.5,25.0
285.5,118.62,25.0
286.0,118.37,25.0
286.5,118.37,25.0
287.0,118.37,25.0
287.5,118.37,25.0
288.0,117.37,25.0
288.5,118.5,25.0
289.0,117.25,25.0
289.5,118.25,25.0
290.0,118.25,25.0
290.5,119.0,25.0
291.0,118.75,25.0
291.5,119.62,25.0
292.0,119.12,25.0
292.5,119.62,25.0
293.0,120.37,25.0
293.5,120.37,25.0
294.0,119.37,25.0
294.5,120.75,25.0
295.0,120.12,25.0
295.5,120.5,25.0
296.0,120.37,25.0
296.5,121.0,25.0
297.0,121.12,25.0
297.5,120.25,25.0
298.0,120.62,25.0
298.5,120.62,25.0
299.0,120.37,25.0
299.5,120.25,25.0
300.0,120.25,25.0
300.5,120.25,25.0
301.0,120.37,25.0
301.5,120.37,25.0
302.0,121.12,25.0
302.5,121.12,25.0
303.0,121.25,25.0
303.5,122.25,25.0
304.0,122.25,25.0
304.5,122.62,25.0
305.0,122.62,25.0
305.5,122.25,25.0
306.0,122.25,25.0
306.5,123.25,25.0
307.0,123.25,25.0
307.5,122.37,25.0
308.0,123.25,25.0
308.5,123.25,25.0
309.0,122.25,25.0
309.5,122.37,25.0
310.0,122.37,25.0
310.5,122.25,25.0
311.0,122.5,25.0
311.5,123.12,25.0
312.0,123.62,25.0
312.5,122.62,25.0
313.0,122.62,25.0
313.5,123.37,25.0
314.0,124.37,25.0
314.5,124.62,25.0
315.0,124.75,25.0
315.5,124.75,25.0
316.0,124.37,25.0
316.5,124.25,25.0
317.0,125.12,25.0
317.5,125.37,25.0
318.0,122.37,25.0
318.5,124.5,25.0
319.0,124.5,25.0
319.5,125.25,25.0
320.0,124.37,25.0
320.5,124.5,25.0
321.0,124.25,25.0
321.5,124.25,25.0
322.0,125.0,25.0
322.5,124.37,25.0
323.0,125.37,25.0
323.5,123.0,25.0
324.0,123.37,25.0
324.5,124.0,25.0
325.0,123.5,25.0
325.5,124.25,25.0
326.0,125.25,25.0
326.5,124.75,25.0
327.0,124.25,25.0
327.5,124.25,25.0
328.0,125.5,25.0
328.5,126.0,25.0
329.0,126.0,25.0
329.5,127.0,25.0
330.0,126.25,25.0
330.5,126.25,25.0
331.0,125.0,25.0
331.5,123.62,25.0
332.0,126.5,25.0
332.5,126.5,25.0
333.0,126.5,25.0
333.5,126.37,25.0
334.0,126.62,25.0
334.5,125.25,25.0
335.0,124.37,25.0
335.5,126.37,25.0
336.0,123.62,25.0
336.5,126.25,25.0
337.0,126.25,25.0
337.5,126.12,25.0
338.0,127.37,25.0
338.5,126.37,25.0
339.0,126.37,25.0
339.5,126.37,25.0
340.0,126.37,25.0
340.5,126.75,25.0
341.0,127.62,25.0
341.5,127.62,25.0
342.0,128.25,25.0
342.5,128.25,25.0
343.0,128.12,25.0
343.5,128.75,25.0
344.0,128.75,25.0
344.5,127.62,25.0
345.0,127.62,25.0
345.5,126.62,25.0
346.0,127.25,25.0
346.5,127.37,25.0
347.0,127.37,25.0
347.5,126.75,25.0
348.0,126.75,25.0
348.5,127.25,25.0
349.0,127.25,25.0
349.5,127.25,25.0
350.0,127.37,25.0
350.5,127.12,25.0
351.0,125.62,25.0
351.5,128.25,25.0
352.0,127.12,25.0
352.5,127.12,25.0
353.0,127.25,25.0
353.5,127.25,25.0
354.0,127.25,25.0
354.5,127.25,25.0
355.0,127.75,25.0
355.5,128.37,25.0
356.0,128.62,25.0
356.5,129.0,25.0
357.0,128.25,25.0
357.5,128.12,25.0
358.0,129.12,25.0
358.5,129.12,25.0
359.0,129.25,25.0
359.5,129.62,25.0
360.0,129.62,25.0
360.5,128.62,25.0
361.0,128.62,25.0
361.5,130.37,25.0
362.0,129.37,25.0
362.5,129.37,25.0
363.0,129.37,25.0
363.5,129.37,25.0
364.0,129.37,25.0
364.5,129.25,25.0
365.0,129.25,25.0
365.5,128.75,25.0
366.0,129.62,25.0
366.5,129.37,25.0
367.0,130.12,25.0
367.5,129.5,25.0
368.0,129.5,25.0
368.5,129.12,25.0
369.0,130.5,25.0
369.5,130.5,25.0
370.0,130.5,25.0
370.5,130.25,25.0
371.0,129.5,25.0
371.5,130.5,25.0
372.0,131.62,25.0
372.5,130.62,25.0
373.0,131.5,25.0
373.5,132.0,25.0
374.0,131.37,25.0
374.5,130.75,25.0
375.0,132.12,25.0
375.5,131.0,25.0
376.0,131.37,25.0
376.5,131.25,25.0
377.0,131.25,25.0
377.5,130.62,25.0
378.0,131.62,25.0
378.5,130.5,25.0
379.0,131.25,25.0
379.5,131.25,25.0
380.0,131.25,25.0
380.5,131.5,25.0
381.0,132.12,25.0
381.5,132.25,25.0
382.0,132.25,25.0
382.5,133.0,25.0
383.0,132.12,25.0
383.5,132.12,25.0
384.0,132.0,25.0
384.5,132.62,25.0
385.0,133.25,25.0
385.5,133.25,25.0
386.0,132.5,25.0
386.5,133.12,25.0
387.0,132.62,25.0
387.5,132.62,25.0
388.0,132.62,25.0
388.5,132.5,25.0
389.0,132.37,25.0
389.5,132.75,25.0
390.0,132.75,25.0
390.5,132.75,25.0
391.0,132.12,25.0
391.5,133.12,25.0
392.0,133.12,25.0
392.5,133.25,25.0
393.0,133.25,25.0
393.5,133.5,25.0
394.0,133.25,25.0
394.5,133.5,25.0
395.0,134.25,25.0
395.5,134.5,25.0
396.0,134.5,25.0
396.5,134.37,25.0
397.0,132.62,25.0
397.5,132.62,25.0
398.0,133.37,25.0
398.5,134.25,25.0
399.0,133.37,25.0
399.5,132.5,25.0
400.0,133.5,25.0
400.5,132.37,25.0
401.0,133.62,25.0
401.5,133.25,25.0
402.0,133.12,25.0
402.5,133.12,25.0
403.0,134.37,25.0
403.5,133.75,25.0
404.0,134.12,25.0
404.5,134.0,25.0
405.0,134.25,25.0
405.5,134.25,25.0
406.0,134.12,25.0
406.5,133.37,25.0
407.0,135.25,25.0
407.5,135.25,25.0
408.0,134.37,25.0
408.5,135.37,25.0
409.0,135.62,25.0
409.5,135.5,25.0
410.0,134.75,25.0
410.5,135.25,25.0
411.0,135.25,25.0
411.5,135.75,25.0
412.0,135.75,25.0
412.5,135.25,25.0
413.0,135.25,25.0
413.5,135.62,25.0
414.0,135.25,25.0
414.5,135.25,25.0
415.0,135.37,25.0
415.5,135.12,25.0
416.0,135.12,25.0
416.5,134.25,25.0
417.0,135.5,25.0
417.5,134.75,25.0
418.0,134.75,25.0
418.5,134.62,25.0
419.0,135.12,25.0
419.5,135.37,25.0
420.0,135.12,25.0
420.5,135.12,25.0
421.0,135.62,25.0
421.5,136.5,25.0
422.0,136.5,25.0
422.5,136.25,25.0
423.0,136.0,25.0
423.5,136.0,25.0
424.0,136.62,25.0
424.5,136.37,25.0
425.0,136.37,25.0
425.5,136.37,25.0
426.0,136.37,25.0
426.5,136.5,25.0
427.0,136.5,25.0
427.5,136.5,25.0
428.0,136.37,25.0
428.5,136.37,25.0
429.0,136.5,25.0
429.5,135.75,25.0
430.0,136.25,25.0
430.5,135.75,25.0
431.0,135.62,25.0
431.5,136.37,25.0
432.0,135.5,25.0
432.5,136.12,25.0
433.0,136.25,25.0
433.5,136.25,25.0
434.0,136.37,25.0
434.5,136.37,25.0
435.0,136.12,25.0
435.5,136.5,25.0
436.0,137.12,25.0
436.5,137.25,25.0
437.0,136.75,25.0
437.5,136.75,25.0
438.0,137.5,25.0
438.5,137.25,25.0
439.0,137.25,25.0
439.5,136.62,25.0
440.0,137.5,25.0
440.5,137.25,25.0
441.0,137.5,25.0
441.5,137.37,25.0
442.0,137.25,25.0
442.5,137.25,25.0
443.0,136.75,25.0
443.5,136.5,25.0
444.0,136.37,25.0
444.5,136.25,25.0
445.0,137.25,25.0
445.5,136.62,25.0
446.0,136.62,25.0
446.5,136.62,25.0
447.0,137.37,25.0
447.5,137.37,25.0
448.0,137.25,25.0
448.5,137.25,25.0
449.0,138.12,25.0
449.5,138.12,25.0
450.0,138.0,25.0
450.5,138.25,25.0
451.0,138.5,25.0
451.5,138.25,25.0
452.0,138.25,25.0
452.5,138.12,25.0
453.0,138.12,25.0
453.5,138.25,25.0
454.0,138.25,25.0
454.5,137.12,25.0
455.0,137.62,25.0
455.5,137.62,25.0
456.0,137.5,25.0
456.5,137.37,25.0
457.0,137.37,25.0
457.5,137.62,25.0
458.0,138.25,25.0
458.5,138.25,25.0
459.0,137.75,25.0
459.5,137.75,25.0
460.0,137.5,25.0
460.5,138.25,25.0
461.0,137.62,25.0
461.5,138.25,25.0
462.0,138.37,25.0
462.5,138.37,25.0
463.0,138.37,25.0
463.5,138.5,25.0
464.0,139.37,25.0
464.5,138.75,25.0
465.0,138.37,25.0
465.5,139.12,25.0
466.0,139.37,25.0
466.5,139.62,25.0
467.0,139.62,25.0
467.5,138.25,25.0
468.0,139.25,25.0
468.5,139.62,25.0
469.0,139.62,25.0
469.5,138.62,25.0
470.0,138.25,25.0
470.5,136.62,25.0
471.0,137.25,25.0
471.5,137.25,25.0
472.0,137.37,25.0
472.5,137.12,25.0
473.0,136.5,25.0
473.5,136.5,25.0
474.0,136.0,25.0
474.5,138.25,25.0
475.0,138.62,25.0
475.5,137.37,25.0
476.0,138.75,25.0
476.5,138.75,25.0
477.0,138.37,25.0
477.5,139.5,25.0
478.0,140.25,25.0
478.5,137.37,25.0
479.0,138.12,25.0
479.5,138.37,25.0
480.0,138.37,25.0
480.5,138.0,25.0
481.0,140.37,25.0
481.5,138.62,25.0
482.0,139.0,25.0
482.5,139.0,25.0
483.0,139.25,25.0
483.5,139.25,25.0
484.0,138.5,25.0
484.5,138.5,25.0
485.0,139.12,25.0
485.5,138.12,25.0
486.0,138.0,25.0
486.5,138.0,25.0
487.0,138.37,25.0
487.5,138.62,25.0
488.0,138.37,25.0
488.5,138.37,25.0
489.0,138.25,25.0
489.5,139.75,25.0
490.0,139.75,25.0
490.5,139.37,25.0
491.0,137.25,25.0
491.5,139.5,25.0
492.0,139.5,25.0
492.5,140.25,25.0
493.0,140.5,25.0
493.5,140.62,25.0
494.0,140.62,25.0
494.5,138.37,25.0
495.0,138.37,25.0
495.5,140.37,25.0
496.0,141.37,25.0
496.5,140.62,25.0
497.0,141.5,25.0
497.5,138.5,25.0
498.0,138.5,25.0
498.5,141.12,25.0
499.0,141.12,25.0
499.5,140.62,25.0
500.0,140.62,25.0
500.5,140.37,25.0
501.0,140.25,25.0
501.5,140.25,25.0
502.0,140.5,25.0
502.5,140.12,25.0
503.0,140.12,25.0
503.5,140.25,25.0
504.0,140.25,25.0
504.5,140.25,25.0
505.0,140.0,25.0
505.5,140.12,25.0
506.0,140.5,25.0
506.5,140.5,25.0
507.0,140.0,25.0
507.5,141.25,25.0
508.0,141.12,25.0
508.5,141.12,25.0
509.0,140.75,25.0
509.5,141.25,25.0
510.0,141.25,25.0
510.5,141.62,25.0
511.0,140.25,25.0
511.5,141.25,25.0
512.0,141.25,25.0
512.5,140.62,25.0
513.0,140.62,25.0
513.5,141.62,25.0
514.0,141.5,25.0
514.5,140.62,25.0
515.0,140.62,25.0
515.5,140.37,25.0
516.0,140.62,25.0
516.5,138.37,25.0
517.0,138.37,25.0
517.5,141.0,25.0
518.0,141.0,25.0
518.5,141.12,25.0
519.0,141.12,25.0
519.5,140.5,25.0
520.0,140.5,25.0
520.5,140.62,25.0
521.0,140.37,25.0
521.5,141.37,25.0
522.0,141.37,25.0
522.5,142.37,25.0
523.0,141.62,25.0
523.5,141.62,25.0
524.0,141.75,25.0
524.5,142.25,25.0
525.0,142.0,25.0
525.5,141.62,25.0
526.0,141.62,25.0
526.5,142.12,25.0
527.0,142.37,25.0
527.5,142.37,25.0
528.0,142.0,25.0
528.5,142.0,25.0
529.0,140.37,25.0
529.5,141.75,25.0
530.0,141.75,25.0
530.5,142.25,25.0
531.0,142.25,25.0
531.5,141.37,25.0
532.0,141.37,25.0
532.5,141.12,25.0
533.0,141.5,25.0
533.5,141.5,25.0
534.0,141.5,25.0
534.5,141.5,25.0
535.0,141.5,25.0
535.5,142.62,25.0
536.0,142.37,25.0
536.5,142.5,25.0
537.0,142.5,25.0
537.5,142.5,25.0
538.0,142.75,25.0
538.5,143.37,25.0
539.0,143.37,25.0
539.5,143.25,25.0
540.0,143.25,25.0
540.5,142.37,25.0
541.0,142.37,25.0
541.5,142.75,25.0
542.0,143.25,25.0
542.5,143.25,25.0
543.0,143.0,25.0
543.5,141.25,25.0
544.0,141.25,25.0
544.5,142.37,25.0
545.0,141.62,25.0
545.5,142.25,25.0
546.0,142.5,25.0
546.5,142.5,25.0
547.0,141.25,25.0
547.5,142.12,25.0
548.0,142.12,25.0
548.5,142.37,25.0
549.0,142.37,25.0
549.5,142.62,25.0
550.0,142.25,25.0
550.5,142.25,25.0
551.0,142.62,25.0
551.5,143.37,25.0
552.0,143.37,25.0
552.5,143.12,25.0
553.0,143.12,25.0
553.5,143.12,25.0
554.0,143.12,25.0
554.5,143.0,25.0
555.0,143.25,25.0
555.5,143.0,25.0
556.0,143.25,25.0
556.5,143.12,25.0
557.0,143.12,25.0
557.5,143.62,25.0
558.0,143.62,25.0
558.5,143.37,25.0
559.0,143.37,25.0
559.5,142.25,25.0
560.0,142.5,25.0
560.5,142.5,25.0
561.0,142.25,25.0
561.5,142.5,25.0
562.0,142.5,25.0
562.5,143.12,25.0
563.0,142.62,25.0
563.5,142.62,25.0
564.0,142.75,25.0
564.5,142.75,25.0
565.0,142.5,25.0
565.5,142.5,25.0
566.0,143.12,25.0
566.5,143.12,25.0
567.0,143.62,25.0
567.5,143.5,25.0
568.0,144.25,25.0
568.5,144.25,25.0
569.0,144.37,25.0
569.5,143.75,25.0
570.0,144.5,25.0
570.5,144.5,25.0
571.0,144.0,25.0
571.5,144.0,25.0
572.0,143.37,25.0
572.5,144.5,25.0
573.0,144.12,25.0
573.5,144.5,25.0
574.0,144.0,25.0
574.5,144.0,25.0
575.0,143.12,25.0
575.5,143.37,25.0
576.0,143.12,25.0
576.5,143.5,25.0
577.0,143.25,25.0
577.5,143.5,25.0
578.0,143.37,25.0
578.5,143.12,25.0
579.0,143.12,25.0
579.5,143.62,25.0
580.0,144.12,25.0
580.5,144.12,25.0
581.0,143.5,25.0
581.5,144.37,25.0
582.0,144.25,25.0
582.5,144.25,25.0
583.0,144.5,25.0
583.5,144.5,25.0
584.0,143.75,25.0
584.5,144.5,25.0
585.0,144.5,25.0
585.5,144.37,25.0
586.0,144.5,25.0
586.5,144.5,25.0
587.0,144.37,25.0
587.5,144.37,25.0
588.0,145.0,25.0
588.5,144.5,25.0
589.0,144.37,25.0
589.5,143.37,25.0
590.0,144.12,25.0
590.5,144.12,25.0
591.0,144.37,25.0
591.5,144.37,25.0
592.0,144.37,25.0
592.5,142.62,25.0
593.0,144.37,25.0
593.5,144.37,25.0
594.0,144.25,25.0
594.5,144.25,25.0
595.0,143.5,25.0
595.5,144.25,25.0
596.0,144.37,25.0
596.5,145.75,25.0
597.0,145.75,25.0
597.5,144.25,25.0
598.0,145.12,25.0
598.5,145.12,25.0
599.0,145.5,25.0
599.5,145.5,25.0
600.0,144.37,25.0
600.5,145.5,25.0
601.0,145.5,25.0
601.5,145.25,25.0
602.0,145.25,25.0
602.5,145.25,25.0
603.0,145.5,25.0
603.5,145.0,25.0
604.0,144.37,25.0
604.5,144.37,25.0
605.0,144.0,25.0
605.5,144.0,25.0
606.0,144.12,25.0
606.5,144.25,25.0
607.0,144.0,25.0
607.5,144.37,25.0
608.0,144.12,25.0
608.5,144.12,25.0
609.0,144.12,25.0
609.5,144.12,25.0
610.0,144.75,25.0
610.5,144.5,25.0
611.0,145.37,25.0
611.5,145.12,25.0
612.0,145.5,25.0
612.5,145.5,25.0
613.0,145.5,25.0
613.5,145.62,25.0
614.0,145.25,25.0
614.5,146.12,25.0
615.0,145.25,25.0
615.5,145.5,25.0
616.0,145.5,25.0
616.5,146.12,25.0
617.0,145.5,25.0
617.5,145.62,25.0
618.0,145.25,25.0
618.5,145.0,25.0
619.0,145.0,25.0
619.5,145.37,25.0
620.0,145.37,25.0
620.5,145.37,25.0
621.0,145.25,25.0
621.5,145.5,25.0
622.0,145.5,25.0
622.5,145.12,25.0
623.0,144.12,25.0
623.5,145.37,25.0
624.0,145.37,25.0
624.5,145.37,25.0
625.0,144.5,25.0
625.5,145.5,25.0
626.0,146.5,25.0
626.5,146.5,25.0
627.0,145.25,25.0
627.5,146.5,25.0
628.0,145.62,25.0
628.5,146.5,25.0
629.0,146.5,25.0
629.5,145.5,25.0
630.0,145.25,25.0
630.5,146.25,25.0
631.0,146.5,25.0
631.5,146.75,25.0
632.0,146.37,25.0
632.5,146.37,25.0
633.0,145.37,25.0
633.5,145.62,25.0
634.0,145.12,25.0
634.5,145.25,25.0
635.0,146.0,25.0
635.5,145.75,25.0
636.0,145.37,25.0
636.5,145.37,25.0
637.0,145.37,25.0
637.5,145.5,25.0
638.0,145.37,25.0
638.5,145.37,25.0
639.0,144.75,25.0
639.5,145.5,25.0
640.0,146.62,25.0
640.5,146.62,25.0
641.0,146.37,25.0
641.5,146.37,25.0
642.0,146.5,25.0
642.5,146.62,25.0
643.0,146.37,25.0
643.5,146.37,25.0
644.0,145.37,25.0
644.5,146.75,25.0
645.0,146.75,25.0
645.5,146.25,25.0
646.0,146.25,25.0
646.5,146.62,25.0
647.0,146.62,25.0
647.5,146.0,25.0
648.0,146.37,25.0
648.5,146.62,25.0
649.0,145.37,25.0
649.5,145.37,25.0
650.0,145.37,25.0
650.5,145.5,25.0
651.0,145.12,25.0
651.5,145.12,25.0
652.0,146.37,25.0
652.5,145.37,25.0
653.0,145.37,25.0
653.5,145.25,25.0
654.0,145.25,25.0
654.5,146.12,25.0
655.0,146.0,25.0
655.5,145.62,25.0
656.0,145.62,25.0
656.5,145.37,25.0
657.0,146.0,25.0
657.5,146.0,25.0
658.0,147.25,25.0
658.5,147.25,25.0
659.0,147.37,25.0
659.5,147.37,25.0
660.0,146.37,25.0
660.5,146.5,25.0
661.0,146.5,25.0
661.5,146.5,25.0
662.0,147.0,25.0
662.5,147.0,25.0
663.0,146.62,25.0
663.5,146.5,25.0
664.0,146.5,25.0
664.5,147.25,25.0
665.0,146.37,25.0
665.5,146.37,25.0
666.0,146.5,25.0
666.5,146.25,25.0
667.0,146.37,25.0
667.5,146.37,25.0
668.0,146.5,25.0
668.5,146.25,25.0
669.0,146.75,25.0
669.5,146.5,25.0
670.0,146.5,25.0
670.5,146.62,25.0
671.0,146.62,25.0
671.5,146.37,25.0
672.0,146.37,25.0
672.5,146.62,25.0
673.0,146.5,25.0
673.5,146.5,25.0
674.0,147.5,25.0
674.5,146.75,25.0
675.0,147.62,25.0
675.5,147.62,25.0
676.0,147.62,25.0
676.5,148.0,25.0
677.0,147.25,25.0
677.5,147.37,25.0
678.0,147.37,25.0
678.5,147.5,25.0
679.0,147.5,25.0
679.5,147.37,25.0
680.0,146.62,25.0
680.5,146.5,25.0
681.0,146.5,25.0
681.5,146.5,25.0
682.0,146.5,25.0
682.5,147.0,25.0
683.0,147.0,25.0
683.5,146.12,25.0
684.0,146.12,25.0
684.5,146.25,25.0
685.0,146.12,25.0
685.5,145.37,25.0
686.0,145.37,25.0
686.5,144.5,25.0
687.0,146.37,25.0
687.5,145.5,25.0
688.0,146.25,25.0
688.5,147.12,25.0
689.0,148.0,25.0
689.5,147.37,25.0
690.0,147.25,25.0
690.5,147.25,25.0
691.0,147.5,25.0
691.5,148.25,25.0
692.0,148.25,25.0
692.5,147.75,25.0
693.0,147.62,25.0
693.5,148.25,25.0
694.0,147.75,25.0
694.5,147.75,25.0
695.0,147.25,25.0
695.5,147.5,25.0
696.0,147.12,25.0
696.5,147.12,25.0
697.0,147.37,25.0
697.5,147.25,25.0
698.0,147.25,25.0
698.5,147.37,25.0
699.0,146.25,25.0
699.5,147.5,25.0
700.0,147.5,25.0
700.5,147.5,25.0
701.0,147.25,25.0
701.5,147.62,25.0
702.0,148.62,25.0
702.5,147.12,25.0
703.0,148.25,25.0
703.5,148.25,25.0
704.0,148.25,25.0
704.5,148.5,25.0
705.0,148.25,25.0
705.5,147.62,25.0
706.0,148.37,25.0
706.5,146.37,25.0
707.0,146.37,25.0
707.5,147.0,25.0
708.0,148.37,25.0
708.5,146.25,25.0
709.0,146.25,25.0
709.5,146.62,25.0
710.0,147.25,25.0
710.5,147.25,25.0
711.0,147.25,25.0
711.5,147.25,25.0
712.0,147.25,25.0
712.5,145.75,25.0
713.0,147.37,25.0
713.5,147.62,25.0
714.0,147.25,25.0
714.5,147.5,25.0
715.0,147.5,25.0
715.5,146.37,25.0
716.0,147.5,25.0
716.5,148.37,25.0
717.0,148.37,25.0
717.5,148.25,25.0
718.0,147.62,25.0
718.5,147.62,25.0
719.0,148.0,25.0
719.5,148.37,25.0
720.0,148.37,25.0
720.5,148.25,25.0
721.0,148.12,25.0
721.5,148.75,25.0
722.0,148.5,25.0
722.5,148.5,25.0
723.0,148.5,25.0
723.5,148.37,25.0
724.0,148.25,25.0
724.5,148.25,25.0
725.0,147.12,25.0
725.5,147.12,25.0
726.0,147.5,25.0
726.5,147.5,25.0
727.0,146.75,25.0
727.5,147.12,25.0
728.0,147.37,25.0
728.5,147.62,25.0
729.0,147.62,25.0
729.5,147.62,25.0
730.0,147.25,25.0
730.5,147.25,25.0
731.0,148.25,25.0
731.5,147.0,25.0
732.0,147.0,25.0
732.5,148.12,25.0
733.0,148.25,25.0
733.5,148.12,25.0
734.0,148.12,25.0
734.5,148.0,25.0
735.0,148.5,25.0
735.5,148.5,25.0
736.0,148.37,25.0
736.5,148.37,25.0
737.0,148.0,25.0
737.5,148.12,25.0
738.0,147.37,25.0
738.5,148.25,25.0
739.0,148.12,25.0
739.5,148.0,25.0
740.0,147.25,25.0
740.5,147.37,25.0
741.0,147.62,25.0
741.5,147.62,25.0
742.0,147.25,25.0
742.5,147.37,25.0
743.0,147.37,25.0
743.5,147.37,25.0
744.0,147.37,25.0
744.5,147.37,25.0
745.0,147.5,25.0
745.5,148.37,25.0
746.0,148.37,25.0
746.5,148.37,25.0
747.0,147.75,25.0
747.5,147.75,25.0
748.0,148.25,25.0
748.5,148.5,25.0
749.0,148.5,25.0
749.5,148.62,25.0
750.0,148.37,25.0
750.5,148.5,25.0
751.0,148.62,25.0
751.5,148.62,25.0
752.0,148.62,25.0
752.5,148.12,25.0
753.0,148.12,25.0
753.5,148.12,25.0
754.0,147.25,25.0
754.5,147.25,25.0
755.0,147.37,25.0
755.5,147.37,25.0
756.0,147.37,25.0
756.5,147.5,25.0
757.0,147.5,25.0
757.5,148.37,25.0
758.0,147.62,25.0
758.5,147.5,25.0
759.0,147.5,25.0
759.5,147.5,25.0
760.0,148.37,25.0
760.5,149.37,25.0
761.0,148.62,25.0
761.5,149.37,25.0
762.0,148.37,25.0
762.5,148.37,25.0
763.0,149.25,25.0
763.5,149.25,25.0
764.0,148.5,25.0
764.5,148.5,25.0
765.0,148.37,25.0
765.5,148.5,25.0
766.0,148.62,25.0
766.5,148.62,25.0
767.0,148.62,25.0
767.5,147.5,25.0
768.0,148.25,25.0
768.5,148.5,25.0
769.0,148.5,25.0
769.5,148.25,25.0
770.0,148.25,25.0
770.5,147.12,25.0
771.0,148.37,25.0
771.5,148.37,25.0
772.0,147.62,25.0
772.5,147.62,25.0
773.0,147.62,25.0
773.5,148.25,25.0
774.0,149.37,25.0
774.5,148.75,25.0
775.0,148.75,25.0
775.5,149.0,25.0
776.0,149.12,25.0
776.5,149.37,25.0
777.0,149.25,25.0
777.5,149.12,25.0
778.0,148.75,25.0
778.5,148.75,25.0
779.0,149.5,25.0
779.5,149.5,25.0
780.0,148.75,25.0
780.5,148.75,25.0
781.0,148.12,25.0
781.5,148.12,25.0
782.0,148.0,25.0
782.5,148.0,25.0
783.0,145.37,25.0
783.5,145.37,25.0
784.0,146.62,25.0
784.5,148.37,25.0
785.0,148.37,25.0
785.5,148.37,25.0
786.0,147.37,25.0
786.5,148.37,25.0
787.0,148.37,25.0
787.5,148.62,25.0
788.0,148.62,25.0
788.5,149.37,25.0
789.0,149.37,25.0
789.5,148.62,25.0
790.0,148.5,25.0
790.5,149.5,25.0
791.0,148.62,25.0
791.5,149.25,25.0
792.0,148.75,25.0
792.5,148.75,25.0
793.0,149.12,25.0
793.5,148.75,25.0
794.0,149.12,25.0
794.5,148.62,25.0
795.0,148.5,25.0
795.5,147.25,25.0
796.0,149.0,25.0
796.5,148.12,25.0
797.0,148.37,25.0
797.5,148.25,25.0
798.0,148.25,25.0
798.5,149.0,25.0
799.0,148.12,25.0
799.5,149.12,25.0
800.0,148.5,25.0
800.5,148.5,25.0
801.0,149.12,25.0
801.5,149.12,25.0
802.0,149.12,25.0
802.5,148.75,25.0
803.0,149.37,25.0
803.5,149.37,25.0
804.0,149.12,25.0
804.5,149.62,25.0
805.0,149.25,25.0
805.5,150.12,25.0
806.0,150.12,25.0
806.5,147.0,25.0
807.0,149.12,25.0
807.5,149.12,25.0
808.0,149.62,25.0
808.5,150.0,25.0
809.0,150.0,25.0
809.5,149.25,25.0
810.0,149.0,25.0
810.5,149.12,25.0
811.0,148.0,25.0
811.5,148.0,25.0
812.0,148.12,25.0
812.5,148.12,25.0
813.0,148.37,25.0
813.5,148.37,25.0
814.0,149.0,25.0
814.5,148.12,25.0
815.0,148.5,25.0
815.5,148.5,25.0
816.0,149.37,25.0
816.5,149.12,25.0
817.0,149.0,25.0
817.5,149.0,25.0
818.0,149.5,25.0
818.5,149.37,25.0
819.0,149.37,25.0
819.5,149.5,25.0
820.0,149.25,25.0
820.5,149.25,25.0
821.0,149.62,25.0
821.5,149.12,25.0
822.0,149.12,25.0
822.5,149.37,25.0
823.0,150.12,25.0
823.5,150.0,25.0
824.0,150.0,25.0
824.5,150.0,25.0
825.0,149.5,25.0
825.5,149.5,25.0
826.0,149.12,25.0
826.5,149.12,25.0
827.0,149.37,25.0
827.5,148.12,25.0
828.0,149.37,25.0
828.5,148.37,25.0
829.0,148.37,25.0
829.5,149.37,25.0
830.0,148.5,25.0
830.5,148.5,25.0
831.0,148.12,25.0
831.5,149.12,25.0
832.0,148.37,25.0
832.5,149.12,25.0
833.0,150.37,25.0
833.5,149.12,25.0
834.0,149.62,25.0
834.5,149.12,25.0
835.0,149.12,25.0
835.5,150.25,25.0
836.0,150.37,25.0
836.5,150.12,25.0
837.0,150.12,25.0
837.5,150.12,25.0
838.0,149.25,25.0
838.5,149.25,25.0
839.0,149.25,25.0
839.5,149.5,25.0
840.0,149.5,25.0
840.5,149.5,25.0
841.0,149.25,25.0
841.5,149.25,25.0
842.0,149.25,25.0
842.5,149.62,25.0
843.0,149.5,25.0
843.5,149.62,25.0
844.0,149.62,25.0
844.5,149.5,25.0
845.0,149.37,25.0
845.5,149.37,25.0
846.0,149.37,25.0
846.5,149.37,25.0
847.0,149.75,25.0
847.5,150.75,25.0
848.0,150.37,25.0
848.5,150.37,25.0
849.0,150.37,25.0
849.5,150.75,25.0
850.0,150.62,25.0
850.5,150.62,25.0
851.0,150.62,25.0
851.5,150.5,25.0
852.0,150.5,25.0
852.5,150.75,25.0
853.0,150.75,25.0
853.5,150.5,25.0
854.0,150.5,25.0
854.5,150.62,25.0
855.0,150.62,25.0
855.5,150.25,25.0
856.0,150.25,25.0
856.5,149.37,25.0
857.0,150.5,25.0
857.5,149.12,25.0
858.0,150.25,25.0
858.5,150.25,25.0
859.0,149.5,25.0
859.5,149.5,25.0
860.0,149.62,25.0
860.5,150.5,25.0
861.0,149.62,25.0
861.5,150.37,25.0
862.0,149.37,25.0
862.5,150.75,25.0
863.0,150.75,25.0
863.5,150.62,25.0
864.0,150.62,25.0
864.5,150.75,25.0
865.0,151.25,25.0
865.5,151.25,25.0
866.0,150.5,25.0
866.5,151.37,25.0
867.0,151.37,25.0
867.5,150.5,25.0
868.0,151.25,25.0
868.5,151.25,25.0
869.0,150.37,25.0
869.5,151.37,25.0
870.0,151.37,25.0
870.5,150.5,25.0
871.0,149.5,25.0
871.5,150.25,25.0
872.0,150.37,25.0
872.5,150.37,25.0
873.0,149.37,25.0
873.5,149.37,25.0
874.0,150.37,25.0
874.5,150.5,25.0
875.0,150.5,25.0
875.5,150.62,25.0
876.0,151.25,25.0
876.5,150.62,25.0
877.0,150.62,25.0
877.5,151.37,25.0
878.0,151.37,25.0
878.5,150.75,25.0
879.0,150.75,25.0
879.5,150.37,25.0
880.0,150.37,25.0
880.5,150.62,25.0
881.0,151.0,25.0
881.5,151.0,25.0
882.0,150.5,25.0
882.5,150.5,25.0
883.0,150.5,25.0
883.5,150.5,25.0
884.0,151.0,25.0
884.5,150.5,25.0
885.0,150.12,25.0
885.5,149.37,25.0
886.0,150.12,25.0
886.5,149.75,25.0
887.0,149.37,25.0
887.5,150.37,25.0
888.0,150.37,25.0
888.5,150.0,25.0
889.0,150.0,25.0
889.5,150.5,25.0
890.0,150.62,25.0
890.5,150.62,25.0
891.0,150.75,25.0
891.5,151.62,25.0
892.0,151.62,25.0
892.5,151.37,25.0
893.0,151.0,25.0
893.5,151.37,25.0
894.0,151.0,25.0
894.5,151.0,25.0
895.0,150.62,25.0
895.5,150.62,25.0
896.0,149.5,25.0
896.5,149.5,25.0
897.0,149.25,25.0
897.5,149.62,25.0
898.0,150.0,25.0
898.5,150.0,25.0
899.0,150.12,25.0
899.5,150.25,25.0
900.0,150.25,25.0
900.5,151.12,25.0
901.0,151.12,25.0
901.5,151.0,25.0
902.0,151.25,25.0
902.5,151.5,25.0
903.0,150.62,25.0
903.5,150.62,25.0
904.0,151.12,25.0
904.5,150.5,25.0
905.0,151.25,25.0
905.5,150.25,25.0
906.0,150.25,25.0
906.5,150.5,25.0
907.0,150.0,25.0
907.5,150.37,25.0
908.0,150.5,25.0
908.5,150.25,25.0
909.0,150.25,25.0
909.5,150.37,25.0
910.0,150.12,25.0
910.5,150.12,25.0
911.0,150.0,25.0
911.5,150.0,25.0
912.0,150.12,25.0
912.5,150.12,25.0
913.0,151.12,25.0
913.5,151.12,25.0
914.0,151.25,25.0
914.5,151.25,25.0
915.0,150.62,25.0
915.5,151.12,25.0
916.0,151.25,25.0
916.5,151.37,25.0
917.0,151.0,25.0
917.5,150.5,25.0
918.0,150.5,25.0
918.5,150.25,25.0
919.0,150.12,25.0
919.5,149.62,25.0
920.0,149.62,25.0
920.5,149.75,25.0
921.0,150.37,25.0
921.5,150.25,25.0
922.0,150.12,25.0
922.5,150.12,25.0
923.0,147.25,25.0
923.5,147.25,25.0
924.0,147.5,25.0
924.5,148.12,25.0
925.0,147.5,25.0
925.5,148.12,25.0
926.0,150.5,25.0
926.5,150.12,25.0
927.0,150.62,25.0
927.5,150.62,25.0
928.0,151.12,25.0
928.5,151.12,25.0
929.0,151.12,25.0
929.5,150.75,25.0
930.0,151.37,25.0
930.5,150.12,25.0
931.0,151.37,25.0
931.5,151.12,25.0
932.0,151.12,25.0
932.5,151.12,25.0
933.0,151.37,25.0
933.5,151.0,25.0
934.0,151.0,25.0
934.5,151.0,25.0
935.0,150.75,25.0
935.5,150.75,25.0
936.0,150.5,25.0
936.5,150.25,25.0
937.0,150.25,25.0
937.5,150.25,25.0
938.0,150.25,25.0
938.5,150.12,25.0
939.0,150.37,25.0
939.5,150.25,25.0
940.0,150.37,25.0
940.5,150.37,25.0
941.0,150.12,25.0
941.5,150.25,25.0
942.0,150.37,25.0
942.5,151.37,25.0
943.0,151.62,25.0
943.5,151.25,25.0
944.0,151.25,25.0
944.5,151.12,25.0
945.0,151.12,25.0
945.5,151.37,25.0
946.0,151.37,25.0
946.5,151.5,25.0
947.0,151.5,25.0
947.5,151.37,25.0
948.0,151.5,25.0
948.5,150.25,25.0
949.0,150.25,25.0
949.5,150.37,25.0
950.0,150.5,25.0
950.5,150.25,25.0
951.0,150.37,25.0
951.5,150.12,25.0
952.0,150.37,25.0
952.5,150.12,25.0
953.0,150.37,25.0
953.5,150.5,25.0
954.0,151.12,25.0
954.5,151.5,25.0
955.0,151.5,25.0
955.5,151.0,25.0
956.0,151.5,25.0
956.5,151.5,25.0
957.0,151.25,25.0
957.5,151.37,25.0
958.0,151.5,25.0
958.5,151.5,25.0
959.0,151.0,25.0
959.5,151.37,25.0
960.0,150.75,25.0
960.5,150.62,25.0
961.0,150.62,25.0
961.5,150.62,25.0
962.0,150.12,25.0
962.5,150.5,25.0
963.0,150.75,25.0
963.5,150.25,25.0
964.0,150.75,25.0
964.5,150.75,25.0
965.0,150.12,25.0
